id,question
0,What is the starting position for doing push-ups?
0,Which muscle groups are activated during push-ups?
0,How do you know when to push back up while doing push-ups?
0,Do you need any equipment to perform push-ups?
0,What part of the body do push-ups primarily target?
1,What is the proper stance for performing squats?
1,Which primary muscle groups are targeted when doing squats?
1,How should I position my chest during a squat?
1,What should I do with my feet while performing this exercise?
1,Is any equipment needed to perform squats effectively?
2,What is the correct starting position for the plank exercise?
2,How should I align my elbows while doing the plank?
2,Which muscle groups are activated while performing a plank?
2,What type of exercise is the plank classified under?
2,Do I need any equipment to perform the plank?
3,What type of activity is the Deadlift exercise?
3,Which equipment do I need to perform a Deadlift?
3,What body parts does the Deadlift primarily target?
3,Can you explain how to properly execute a Deadlift?
3,What muscle groups are activated during a Deadlift?
4,What equipment do I need for performing bicep curls?
4,Which muscle groups are targeted when I do bicep curls?
4,Can you describe how to properly execute a bicep curl?
4,Is the bicep curl considered a strength training exercise?
4,What body part is primarily worked during bicep curls?
5,What is the primary body part targeted during kettlebell swings?
5,What type of equipment do I need for kettlebell swings?
5,Can kettlebell swings be classified as both cardio and strength exercises?
5,Which muscle groups are activated when performing kettlebell swings?
5,What are the basic instructions for performing a kettlebell swing?
6,What equipment do I need for the Shoulder Press exercise?
6,Which muscles are primarily worked during the Shoulder Press?
6,Can you describe the correct form for performing a Shoulder Press?
6,Is the Shoulder Press classified as a strength or cardio exercise?
6,What body part does the Shoulder Press specifically target?
7,What muscles are primarily targeted during the Lat Pulldown exercise?
7,Can you explain the correct way to position my grip while performing the Lat Pulldown?
7,What equipment do I need to perform the Lat Pulldown exercise?
7,"Is the Lat Pulldown considered a strength training activity, and if so, why?"
7,What is the proper starting and ending position for the Lat Pulldown?
8,What is the correct position for my heel during the hamstring stretch?
8,How do I properly lean forward to feel the stretch?
8,Which body part should be primarily targeted with the hamstring stretch?
8,Is there any equipment required to perform the hamstring stretch?
8,Can I perform the hamstring stretch without placing my heel on a bench?
9,What is the primary purpose of Jumping Jacks in a workout routine?
9,Which muscle groups are activated when performing Jumping Jacks?
9,What is the correct starting position for doing Jumping Jacks?
9,Do I need any equipment to perform Jumping Jacks?
9,How do I execute the movement correctly during Jumping Jacks?
10,What equipment do I need to perform the Bench Press exercise?
10,Can you explain the proper form for doing a Bench Press?
10,Which muscle groups are primarily activated during the Bench Press?
10,Is the Bench Press primarily a pushing or pulling exercise?
10,What body part does the Bench Press mainly target?
11,What specific muscles does the lunge exercise activate?
11,What are the steps to properly perform lunges?
11,Is any equipment needed for doing lunges?
11,Which part of the body does lunges primarily target?
11,How do you return to the starting position after a lunge?
12,What is the correct grip for performing pull-ups?
12,Which muscle groups are primarily activated during pull-ups?
12,How do I properly execute a pull-up?
12,What type of equipment is needed for pull-ups?
12,What part of the body do pull-ups mainly target?
13,What is the primary body part targeted by Mountain Climbers?
13,What type of activity are Mountain Climbers classified as?
13,Do I need any special equipment to perform Mountain Climbers?
13,Can you explain the correct starting position for Mountain Climbers?
13,Which muscle groups are activated during Mountain Climbers?
14,What is the primary body position required to perform Leg Raises?
14,Which muscle groups are primarily activated during Leg Raises?
14,Can I perform Leg Raises without any equipment?
14,How should I lift my legs during the exercise?
14,What type of exercise is Leg Raises classified as?
15,What body part do tricep dips primarily target?
15,Can tricep dips be done without any equipment?
15,What specific muscles are activated during tricep dips?
15,What is the starting position for performing tricep dips?
15,How do you properly execute the motion of tricep dips?
16,What is the primary muscle group targeted by Russian Twists?
16,Do I need any equipment to perform Russian Twists?
16,Can you describe how to position my body for Russian Twists?
16,How can I ensure Iâ€™m correctly performing the twist during this exercise?
16,Is it essential to tap the floor with my hands during the Russian Twists?
17,What is the primary body position to start performing a burpee?
17,Which muscle groups are primarily worked during burpees?
17,Do I need any equipment to do burpees effectively?
17,Can you describe the sequence of movements involved in a burpee?
17,What type of exercise are burpees categorized as?
18,What muscles are primarily targeted by Dumbbell Rows?
18,What equipment do I need to perform Dumbbell Rows?
18,What is the proper body position during Dumbbell Rows?
18,Is Dumbbell Rows considered a strength exercise?
18,How do I perform a Dumbbell Row correctly?
19,What is the primary equipment needed for Goblet Squats?
19,Which muscle groups are targeted when performing Goblet Squats?
19,What is the correct position for holding the kettlebell during Goblet Squats?
19,How do I properly perform a Goblet Squat?
19,What part of the body is primarily engaged in Goblet Squats?
20,What is the correct position to start the Glute Bridge exercise?
20,Which muscle groups are primarily engaged during the Glute Bridge?
20,Do I need any equipment to perform the Glute Bridge?
20,What is the primary body part targeted when doing the Glute Bridge?
20,How should my body align when I lift my hips during the exercise?
21,What is the proper technique for performing the Overhead Tricep Extension with dumbbells?
21,Which muscle groups are targeted during the Overhead Tricep Extension exercise?
21,Do I need any specific equipment for the Overhead Tricep Extension?
21,What body part does the Overhead Tricep Extension primarily work on?
21,Is the Overhead Tricep Extension considered a push or pull exercise?
22,What is the primary muscle group targeted by the Side Plank exercise?
22,How should I position my body during the Side Plank?
22,What type of equipment do I need to perform the Side Plank?
22,What body part does the Side Plank primarily work on?
22,Is the Side Plank considered a strength exercise?
23,What equipment do I need to perform Cable Flyes?
23,What body part is primarily targeted by Cable Flyes?
23,Can you explain the stance I should take while doing Cable Flyes?
23,Do I need to bend my elbows when performing Cable Flyes?
23,Is Cable Flyes considered a push exercise?
24,What is the primary body part targeted by Step-Ups?
24,Can I perform Step-Ups without any equipment?
24,What muscle groups do Step-Ups activate?
24,How do I correctly perform a Step-Up?
24,Is Step-Ups considered a strength exercise?
25,What type of exercise are Barbell Rows categorized as?
25,Which equipment do I need to perform Barbell Rows?
25,What body part is primarily targeted by Barbell Rows?
25,Can you describe the basic instructions for performing Barbell Rows?
25,Which muscle groups are activated when doing Barbell Rows?
26,What is the proper body position for performing a Chest Press?
26,Which muscle groups are targeted by the Chest Press exercise?
26,What type of equipment do I need for the Chest Press?
26,Can the Chest Press be done using other types of weights?
26,What is the basic movement involved in a Chest Press?
27,What type of exercise are box jumps categorized as?
27,Do I need any equipment to perform box jumps?
27,Which muscle groups are primarily activated during box jumps?
27,Can you explain the proper technique for performing box jumps?
27,What body part do box jumps primarily target?
28,What is the correct starting position for Hanging Leg Raises?
28,Which muscles are primarily engaged during Hanging Leg Raises?
28,How should I lower my legs after raising them?
28,What type of equipment do I need for this exercise?
28,Is Hanging Leg Raises more focused on strength or cardio?
29,What is the primary focus of the Farmer's Walk exercise?
29,How should I position my body while performing the Farmer's Walk?
29,Which muscle groups does the Farmer's Walk specifically target?
29,What type of equipment do I need for the Farmer's Walk?
29,Is the Farmer's Walk more of a strength or cardio exercise?
30,What is the main muscle group activated during calf raises?
30,Do I need any equipment to perform calf raises?
30,How should my feet be positioned while doing calf raises?
30,What is the primary type of activity for calf raises?
30,Can calf raises target any other body parts besides the calves?
31,What type of exercise are Battle Ropes considered?
31,Which body parts are primarily targeted when performing Battle Ropes?
31,What equipment do I need to do Battle Ropes?
31,Can you explain the technique for using Battle Ropes effectively?
31,Which muscle groups are activated during a Battle Ropes workout?
32,What is the primary purpose of performing medicine ball slams?
32,Which muscle groups are primarily activated during medicine ball slams?
32,How should I properly perform a medicine ball slam to maximize effectiveness?
32,What type of equipment do I need for medicine ball slams?
32,Is the medicine ball slam considered a cardio or strength exercise?
33,What is the correct stance for performing a Dumbbell Deadlift?
33,Which muscle groups are primarily targeted during the Dumbbell Deadlift?
33,What equipment do I need to perform a Dumbbell Deadlift?
33,Can you describe the movement pattern involved in the Dumbbell Deadlift?
33,Is the Dumbbell Deadlift classified as a strength or cardio exercise?
34,What is the starting position for the Push Press exercise?
34,Which muscle groups are primarily activated by the Push Press?
34,How do I properly perform the motion of pushing the barbell overhead?
34,What type of equipment do I need to perform the Push Press?
34,Is the Push Press primarily a strength or cardio exercise?
35,What type of exercise is a treadmill run classified as?
35,Which body parts are primarily engaged during a treadmill run?
35,What type of equipment do I need for a treadmill run?
35,What muscle groups does running on a treadmill activate?
35,What should my approach to speed and incline be while running on a treadmill?
36,What is the correct position to start the Incline Dumbbell Press?
36,Which muscle groups are primarily worked by the Incline Dumbbell Press?
36,What type of exercise is the Incline Dumbbell Press classified as?
36,How do you perform the Incline Dumbbell Press?
36,What equipment is needed for the Incline Dumbbell Press?
37,What is the primary muscle group activated when performing Renegade Rows?
37,What equipment do I need to perform Renegade Rows?
37,Could you explain the starting position for Renegade Rows?
37,How do I execute the rowing motion in Renegade Rows?
37,Is Renegade Rows primarily a strength exercise or an endurance exercise?
38,What muscles are primarily worked when using the leg press machine?
38,How should I position my feet on the platform for the leg press?
38,What type of exercise is the leg press categorized as?
38,Can you explain the proper execution for the leg press?
38,Which body part does the leg press primarily target?
39,What position should I be in when performing the Cable Tricep Pushdown?
39,Which muscle group is primarily worked by the Cable Tricep Pushdown exercise?
39,How do I properly execute the movement of a Cable Tricep Pushdown?
39,What type of equipment do I need to perform the Cable Tricep Pushdown?
39,Is the Cable Tricep Pushdown considered a strength or cardio exercise?
40,What is the primary muscle group activated by the Single-Leg Deadlift?
40,"Do I need any equipment to perform the Single-Leg Deadlift, and if so, what?"
40,Can you describe the proper stance for executing a Single-Leg Deadlift?
40,How do I ensure that I maintain balance while performing the Single-Leg Deadlift?
40,What part of the body should I focus on when bending at the hips during this exercise?
41,What is the primary muscle group targeted by inverted rows?
41,How should my body be positioned during inverted rows?
41,What equipment do I need to perform inverted rows?
41,Is this exercise considered a strength training activity?
41,What movement do I perform while doing inverted rows?
42,What is the primary focus of the Pallof Press exercise?
42,Which piece of equipment do I need for the Pallof Press?
42,How should I position myself in relation to the cable machine during the Pallof Press?
42,Which muscle groups are specifically targeted by the Pallof Press?
42,What is the main movement to perform when executing the Pallof Press?
43,What is the correct stance for the kettlebell deadlift?
43,Which muscle groups are primarily activated during this exercise?
43,How should I position the kettlebell before starting the lift?
43,What is the proper form for bending at the hips and knees?
43,Is this exercise targeted towards upper body strength or lower body strength?
44,What is the primary muscle group worked during Hanging Knee Tucks?
44,What equipment do I need to perform Hanging Knee Tucks?
44,Can you describe the proper form for doing Hanging Knee Tucks?
44,Is Hanging Knee Tucks considered a strength or cardio exercise?
44,What specific body part does Hanging Knee Tucks target?
45,How do I properly set up for Resistance Band Pull Aparts?
45,What muscle groups are targeted by this exercise?
45,Can you explain the correct form for executing the Pull Aparts?
45,What benefits does doing Resistance Band Pull Aparts provide for my upper body?
45,Are there any modifications I can make if I'm a beginner?
46,What is the correct stance for performing Bulgarian Split Squats?
46,Which muscle groups are primarily worked during Bulgarian Split Squats?
46,How do I ensure my front thigh is parallel to the floor when doing this exercise?
46,Can I perform Bulgarian Split Squats without any equipment?
46,Is this exercise considered a pushing or pulling movement?
47,What is the correct starting position for the Seated Shoulder Press?
47,Which muscles are primarily targeted during the Seated Shoulder Press exercise?
47,Can I use different types of equipment aside from dumbbells for this exercise?
47,How should I position my arms during the Seated Shoulder Press?
47,What is the main type of movement involved in this exercise?
48,What is the correct position for my hands during incline push-ups?
48,Which muscles are primarily engaged when performing incline push-ups?
48,Can I perform incline push-ups without any equipment?
48,How do I correctly execute the movement of an incline push-up?
48,What body parts does the incline push-up target?
49,What is the primary muscle group worked during hip thrusts?
49,What type of equipment is required for performing hip thrusts?
49,Can you explain the setup position for hip thrusts using a barbell?
49,What type of activity do hip thrusts fall under?
49,How do you properly execute the movement in hip thrusts?
50,What is the correct grip to use when performing a Barbell Curl?
50,How should my feet be positioned while doing a Barbell Curl?
50,Which muscle groups are primarily worked during the Barbell Curl?
50,What is the proper technique for curling the barbell?
50,Is the Barbell Curl an exercise for the upper or lower body?
51,What muscle groups are primarily activated during the Cable Row exercise?
51,Can you describe the correct positioning for my feet while performing Cable Rows?
51,What is the proper way to return the handle to the starting position during the exercise?
51,Is the Cable Row considered a push or pull type of exercise?
51,Which body part is primarily targeted by the Cable Row?
52,What is the starting position for the Plank Shoulder Taps exercise?
52,Which hand do I use to tap my opposite shoulder during the exercise?
52,How do I ensure my body remains stable while performing this exercise?
52,What muscle groups are primarily activated during Plank Shoulder Taps?
52,Is any equipment required for the Plank Shoulder Taps exercise?
53,What equipment do I need to perform the Dumbbell Lateral Raise?
53,Which muscle groups are targeted by the Dumbbell Lateral Raise?
53,Can you explain the proper technique for executing a Dumbbell Lateral Raise?
53,What is the primary body part worked during the Dumbbell Lateral Raise?
53,Is the Dumbbell Lateral Raise classified as a push or pull exercise?
54,What is the proper stance for performing a Wall Sit exercise?
54,How should my knees be positioned during the Wall Sit hold?
54,Which muscle groups are primarily targeted during the Wall Sit?
54,What type of equipment do I need to perform a Wall Sit?
54,How long should I hold the Wall Sit position for maximum effectiveness?
55,What is the starting position for the Spider Plank exercise?
55,Which body parts are primarily engaged during the Spider Plank?
55,How do I perform the movement in the Spider Plank?
55,Is any equipment required for the Spider Plank exercise?
55,What type of exercise is Spider Plank defined as?
56,What is the proper stance for the Sumo Deadlift?
56,Which equipment do I need to perform the Sumo Deadlift?
56,What muscle groups are worked during the Sumo Deadlift?
56,How do I correctly lift the barbell in a Sumo Deadlift?
56,What are the key body parts engaged when doing a Sumo Deadlift?
57,What equipment do I need to perform the Single Arm Dumbbell Row?
57,Which muscle groups does the Single Arm Dumbbell Row target?
57,Can you describe the proper stance for the Single Arm Dumbbell Row?
57,How should I position my body while performing the Single Arm Dumbbell Row?
57,Is the Single Arm Dumbbell Row considered a strength exercise or a cardio exercise?
58,What are the main muscle groups targeted by the Kettlebell Clean and Press?
58,Can you explain the proper technique for swinging the kettlebell to shoulder height?
58,Is the Kettlebell Clean and Press a full body exercise?
58,What type of exercise is the Kettlebell Clean and Press classified as?
58,What equipment do I need to perform the Kettlebell Clean and Press?
59,What type of activity is jumping rope classified as?
59,Which body parts are primarily worked when using a jump rope?
59,Can you explain how to perform the jump rope exercise properly?
59,What muscle groups are activated during jump rope workouts?
59,What equipment do I need to perform the jump rope exercise?
60,What is the primary body part targeted in the Side Lunge?
60,Which muscle groups are activated when performing the Side Lunge?
60,Can I perform the Side Lunge using only my bodyweight?
60,What should I do with my legs while doing the Side Lunge?
60,How do I return to the starting position after stepping out in the Side Lunge?
61,What type of exercise is the Machine Chest Fly?
61,Which muscle groups are primarily targeted by the Machine Chest Fly?
61,How do I perform the Machine Chest Fly correctly?
61,What equipment do I need to do the Machine Chest Fly?
61,Is the Machine Chest Fly considered a push or pull exercise?
62,What is the proper setup for using the hack squat machine?
62,Which muscle groups does the hack squat primarily target?
62,Can you explain the correct movement pattern for a hack squat?
62,Is the hack squat suitable for beginners in strength training?
62,What body part are you focusing on when performing a hack squat?
63,What is the correct body position for decline push-ups?
63,Which muscle groups are mainly worked during decline push-ups?
63,Do I need any equipment for performing decline push-ups?
63,How do I properly lower myself during a decline push-up?
63,What type of exercise are decline push-ups classified as?
64,What equipment do I need to perform the Band Face Pull?
64,Which body parts are targeted by the Band Face Pull exercise?
64,How do I set up the Band Face Pull properly?
64,What is the primary movement involved in the Band Face Pull?
64,Can you list the main muscle groups that are activated during this exercise?
65,What is the primary muscle group targeted during the Ab Wheel Rollout?
65,Can you explain the proper starting position for the Ab Wheel Rollout exercise?
65,Is the Ab Wheel Rollout considered a strength training exercise?
65,What equipment do I need to perform the Ab Wheel Rollout?
65,How should I maintain my core during the movement of the Ab Wheel Rollout?
66,What is the primary focus of the Side Leg Raises exercise?
66,Which muscle groups are activated during the Side Leg Raises?
66,What position should I be in while performing Side Leg Raises?
66,Do I need any equipment to perform Side Leg Raises?
66,How do I execute the movement in Side Leg Raises?
67,What is the primary muscle group targeted when performing a Romanian Deadlift?
67,What type of equipment do I need for the Romanian Deadlift exercise?
67,Can you explain the step-by-step instructions for performing a Romanian Deadlift?
67,Is the Romanian Deadlift considered a pull or push exercise?
67,Which area of the body does the Romanian Deadlift primarily focus on?
68,What equipment do I need to perform the Arnold Press?
68,Which muscle groups are primarily activated during the Arnold Press?
68,Can you describe the proper form for the Arnold Press?
68,What type of activity is the Arnold Press classified as?
68,Is the Arnold Press effective for strengthening the upper body?
69,What is the Landmine Press and how is it performed?
69,Which muscle groups are primarily activated during the Landmine Press?
69,What type of equipment do I need to perform the Landmine Press?
69,Is the Landmine Press categorized as a push or pull exercise?
69,Can the Landmine Press help improve my strength in the upper body?
70,What is the proper technique for executing tuck jumps?
70,Which muscles are primarily engaged during tuck jumps?
70,Do I need any equipment to perform tuck jumps?
70,How can I safely land after doing a tuck jump?
70,Is this exercise considered more cardio or strength training?
71,What position should I start in for the Windshield Wipers exercise?
71,Which muscle groups does the Windshield Wipers target?
71,How do I perform the rotation in the Windshield Wipers exercise?
71,Is any equipment needed for the Windshield Wipers?
71,What type of exercise is Windshield Wipers classified as?
72,What equipment do I need to perform Dumbbell Shrugs?
72,Which muscle group is primarily targeted by Dumbbell Shrugs?
72,Can you explain the correct form for executing Dumbbell Shrugs?
72,How do I position my dumbbells while doing this exercise?
72,Is there a specific body part that Dumbbell Shrugs focus on?
73,What specific muscles are worked during the Sled Push exercise?
73,How should my body be positioned while pushing the sled?
73,Is the Sled Push more of a cardio or strength exercise?
73,What type of equipment do I need for the Sled Push?
73,Does the Sled Push engage my core as well as my lower body?
74,What is the main muscle group targeted by the Cable Bicep Curl exercise?
74,Which type of equipment do I need to perform the Cable Bicep Curl?
74,Can you describe the basic steps to perform a Cable Bicep Curl?
74,Is the Cable Bicep Curl considered a pull or push exercise?
74,What part of the body does the Cable Bicep Curl primarily work on?
75,What equipment do I need for Dumbbell Kickbacks?
75,Which body part is primarily targeted by this exercise?
75,Can you describe the starting position for the Dumbbell Kickback?
75,Is the Dumbbell Kickback considered a push or pull exercise?
75,What muscle group is activated during the Dumbbell Kickback?
76,What is the primary muscle group targeted by Flutter Kicks?
76,Do I need any equipment to perform Flutter Kicks?
76,How should I position my body while doing Flutter Kicks?
76,What type of exercise is Flutter Kicks classified as?
76,Can you explain the proper technique for executing Flutter Kicks?
77,What type of exercise is High Knees categorized as?
77,What equipment do I need to perform High Knees?
77,Which muscle groups are primarily activated during High Knees?
77,How should I perform High Knees correctly?
77,Can High Knees provide a full body workout?
78,What kind of exercise is a Sledgehammer Slam classified as?
78,What equipment do I need to perform Sledgehammer Slams?
78,Which body parts are engaged during Sledgehammer Slams?
78,Can you explain the proper technique for performing Sledgehammer Slams?
78,What muscle groups are worked during Sledgehammer Slams?
79,What is the correct way to perform Lateral Step-Ups?
79,Which muscle groups are activated during Lateral Step-Ups?
79,Is any equipment needed for Lateral Step-Ups?
79,What body part does Lateral Step-Ups primarily target?
79,Does Lateral Step-Ups involve pushing or pulling movements?
80,What muscles are primarily worked by the Cable Chest Press exercise?
80,Can you describe the proper stance for performing the Cable Chest Press?
80,What equipment do I need to perform the Cable Chest Press effectively?
80,Is the Cable Chest Press classified as a push or pull exercise?
80,How do I execute the movement for the Cable Chest Press correctly?
81,What muscles are worked when performing TRX Rows?
81,How do I set up my body before starting TRX Rows?
81,What is the correct movement to perform during TRX Rows?
81,What equipment do I need for TRX Rows?
81,Is TRX Rows considered a strength exercise?
82,What position should I sit in when performing Medicine Ball Russian Twists?
82,Which equipment do I need for the Medicine Ball Russian Twists exercise?
82,What muscle groups are primarily activated during the Medicine Ball Russian Twists?
82,How should I hold the medicine ball while doing this exercise?
82,What is the technique for performing the twist in Medicine Ball Russian Twists?
83,What specific body parts does the Pendlay Row target?
83,What equipment do I need to perform the Pendlay Row?
83,How do I execute the Pendlay Row correctly?
83,Is the Pendlay Row classified as a strength exercise?
83,What muscle groups are activated during the Pendlay Row?
84,What is the main purpose of the Side Plank with Leg Lift exercise?
84,Which muscle groups are primarily activated during this exercise?
84,Can I perform the Side Plank with Leg Lift without any equipment?
84,How should my body be positioned during the exercise?
84,Is the Side Plank with Leg Lift considered a strength or cardio exercise?
85,What is the primary body part targeted by the hip abduction exercise?
85,What type of equipment do I need to perform the hip abduction exercise?
85,Can you explain the proper method for using the hip abduction machine?
85,Which muscle groups are activated during the hip abduction exercise?
85,Is the hip abduction considered a strength or cardio activity?
86,What is the primary muscle group worked during the Dumbbell Front Raise exercise?
86,What is the required equipment for performing the Dumbbell Front Raise?
86,Can you describe the starting position for the Dumbbell Front Raise exercise?
86,How high should I raise my arms during the Dumbbell Front Raise?
86,Is the Dumbbell Front Raise considered a push or a pull exercise?
87,What is the correct grip for performing chin-ups?
87,Which muscle groups are primarily targeted during chin-ups?
87,Can chin-ups be performed with any equipment other than a pull-up bar?
87,What is the proper technique for completing a chin-up?
87,Are chin-ups beneficial for building upper body strength?
88,What is the main focus of the Box Squat exercise in terms of muscle activation?
88,How should I position the barbell during the Box Squat?
88,What is the proper technique for performing a Box Squat?
88,Is the Box Squat considered a push or pull exercise?
88,Which body part does the Box Squat primarily target?
89,What is the main target area for the Battle Rope Waves exercise?
89,How does this exercise engage my core muscles?
89,Can you explain the proper technique for performing waves with the battle ropes?
89,Is Battle Rope Waves more focused on cardio or strength training?
89,Which muscle groups are primarily activated during this exercise?
90,What equipment do I need to perform the Zercher Squat?
90,Which muscle groups are targeted during the Zercher Squat?
90,How do I position the barbell for this exercise?
90,What is the correct depth for the squat in a Zercher Squat?
90,Is the Zercher Squat primarily a push or pull exercise?
91,What type of activity are walking lunges classified as?
91,What muscle groups are targeted when performing walking lunges?
91,Do I need any equipment to perform walking lunges?
91,Can walking lunges help strengthen my lower body?
91,What is the correct technique for executing walking lunges?
92,What muscles are primarily activated when performing the kettlebell snatch?
92,Can you describe the motion involved in executing a kettlebell snatch?
92,Is the kettlebell snatch considered a push or pull exercise?
92,What part of the body does the kettlebell snatch target most effectively?
92,What type of equipment do I need to perform a kettlebell snatch?
93,What is the starting position for the Single-Leg Glute Bridge exercise?
93,Which muscle groups are primarily activated during the Single-Leg Glute Bridge?
93,Do I need any equipment to perform the Single-Leg Glute Bridge?
93,How should I position my legs while executing the Single-Leg Glute Bridge?
93,Is the Single-Leg Glute Bridge considered a strength training exercise?
94,What type of exercise are TRX Push-Ups classified as?
94,Which equipment is needed for performing TRX Push-Ups?
94,What specific muscle groups are activated during TRX Push-Ups?
94,Can you describe the form I should maintain while doing TRX Push-Ups?
94,How does the TRX variation differ from traditional push-ups?
95,What is the primary muscle group worked during the Machine Leg Curl?
95,Can you explain how to properly perform the Machine Leg Curl?
95,What type of exercise is the Machine Leg Curl classified as?
95,What equipment do I need to use for the Machine Leg Curl?
95,Which part of the body does the Machine Leg Curl focus on?
96,What is the primary equipment needed for the Incline Bench Press?
96,Which muscle groups are activated during the Incline Bench Press?
96,What is the position of the barbell during this exercise?
96,Is the Incline Bench Press classified as a push or pull exercise?
96,What type of bench should I use for the Incline Bench Press?
97,What muscles are targeted when performing the Resistance Band Deadlift?
97,How should my feet be positioned while doing this exercise?
97,What is the correct form for lifting the band during this exercise?
97,Which body parts are primarily worked during the Resistance Band Deadlift?
97,What type of activity is the Resistance Band Deadlift classified as?
98,What is the primary muscle group worked during the Decline Bench Press?
98,How should I position myself on the bench for this exercise?
98,What equipment do I need to perform the Decline Bench Press?
98,Can you explain the proper technique for lowering the barbell?
98,Is the Decline Bench Press classified as a push or pull exercise?
99,What is the appropriate weight for the dumbbells when performing the Dumbbell Step-Up?
99,How do I avoid injury while doing the Dumbbell Step-Up exercise?
99,Which muscles are primarily targeted when performing the Dumbbell Step-Up?
99,Can the Dumbbell Step-Up be modified for beginners or those with limited strength?
99,What is the proper technique for stepping up and down during the Dumbbell Step-Up?
100,What type of exercise is the Cable Lateral Raise classified as?
100,What muscle groups are primarily engaged during the Cable Lateral Raise?
100,Can you explain the setup for performing a Cable Lateral Raise?
100,What position should my arm be in when I finish the raise?
100,Is the Cable Lateral Raise a push or pull exercise?
101,What muscles does the Reverse Lunge primarily target?
101,What equipment do I need to perform the Reverse Lunge?
101,Can you explain how to execute a Reverse Lunge correctly?
101,What type of exercise is the Reverse Lunge classified as?
101,Is the Reverse Lunge focused on upper body strength or lower body strength?
102,What equipment do I need to perform toe touches?
102,What muscles are activated when I do toe touches?
102,How should I position my body during toe touches?
102,What is the primary body part targeted by toe touches?
102,Is toe touches considered a strength exercise?
103,What is the primary muscle group targeted by the Machine Leg Extension?
103,Can you describe the proper steps to perform the Machine Leg Extension?
103,What type of equipment do I need for the Machine Leg Extension exercise?
103,Is the Machine Leg Extension considered a push or pull exercise?
103,Which part of the body does the Machine Leg Extension primarily work on?
104,What muscle groups does the Dumbbell Pullover target?
104,What equipment do I need for the Dumbbell Pullover exercise?
104,Can you describe the starting position for the Dumbbell Pullover?
104,Is the Dumbbell Pullover considered a strength training exercise?
104,What is the main movement involved in the Dumbbell Pullover?
105,What is the primary muscle group targeted by the Barbell Shrug exercise?
105,What are the specific instructions for performing the Barbell Shrug correctly?
105,What type of activity is the Barbell Shrug classified as?
105,What equipment do I need to perform the Barbell Shrug?
105,How should I position my feet while doing the Barbell Shrug?
106,What is the proper stance for performing the T-Bar Row exercise?
106,Which muscles are primarily worked during the T-Bar Row?
106,How should I hold the T-bar while performing the row?
106,What movement should I perform after rowing the weight towards my torso?
106,Is the T-Bar Row considered a pull exercise or a push exercise?
107,What muscles are primarily targeted by the Bulgarian Deadlift?
107,What type of equipment do I need for the Bulgarian Deadlift?
107,Can you explain the correct stance for performing the Bulgarian Deadlift?
107,Is the Bulgarian Deadlift focused on strength training or endurance?
107,Which body part does the Bulgarian Deadlift mainly work on?
108,What is the proper stance for performing a pistol squat?
108,Which muscles are primarily targeted during the pistol squat exercise?
108,How should I position my extended leg while doing the pistol squat?
108,What is the main movement involved in executing a pistol squat?
108,Do I need any equipment to perform a pistol squat effectively?
109,What type of activity is the Seated Leg Curl considered?
109,Which machine is needed to perform the Seated Leg Curl exercise?
109,What body part does the Seated Leg Curl primarily target?
109,Can you explain how to perform the Seated Leg Curl correctly?
109,Which muscle group is mainly activated during the Seated Leg Curl?
110,What are the main muscle groups activated during the Russian Kettlebell Swing?
110,Can you describe the primary movement involved in performing a Russian Kettlebell Swing?
110,What type of exercise is the Russian Kettlebell Swing categorized as?
110,Which part of the body is primarily targeted by the Russian Kettlebell Swing?
110,What equipment do I need to perform the Russian Kettlebell Swing?
111,What muscles are primarily engaged during the Incline Dumbbell Curl?
111,Can you describe the starting position for the Incline Dumbbell Curl?
111,What equipment do I need to perform the Incline Dumbbell Curl?
111,What are the key steps to properly execute the Incline Dumbbell Curl?
111,Is the Incline Dumbbell Curl considered a strength exercise?
112,What is the primary body part targeted by decline sit-ups?
112,Which muscle groups are activated when performing decline sit-ups?
112,Can I do decline sit-ups without any equipment?
112,What specific posture should I maintain while doing decline sit-ups?
112,Is the decline sit-up classified as a strength exercise?
113,What is the correct starting position for side plank dips?
113,Which muscle groups are primarily activated during this exercise?
113,How should I lower my hips while performing side plank dips?
113,Do I need any equipment to perform side plank dips?
113,What type of activity is side plank dips classified as?
114,What type of activity is the Single Arm Kettlebell Swing classified as?
114,Which body parts are primarily targeted by the Single Arm Kettlebell Swing?
114,What muscles are activated during the Single Arm Kettlebell Swing exercise?
114,Can you describe the main movement involved in the Single Arm Kettlebell Swing?
114,What equipment do I need to perform the Single Arm Kettlebell Swing?
115,What type of exercise are jumping squats classified as?
115,Which muscle groups are primarily activated during jumping squats?
115,Can jumping squats be performed without any equipment?
115,What is the correct way to perform a jumping squat?
115,What body part do jumping squats target mainly?
116,What type of exercise is the Cable Chest Fly considered?
116,Which equipment is needed for performing the Cable Chest Fly?
116,Which body part does the Cable Chest Fly primarily target?
116,What are the muscle groups activated during the Cable Chest Fly?
116,Can you describe the proper instructions for performing the Cable Chest Fly?
117,What equipment do I need to perform the Dumbbell Tricep Extension?
117,Which muscle groups are primarily worked during the Dumbbell Tricep Extension?
117,Can you describe the starting position for the Dumbbell Tricep Extension?
117,What is the correct way to lower the dumbbell during the exercise?
117,Is the Dumbbell Tricep Extension considered a push or pull exercise?
118,What position should I be in when using the leg curl machine?
118,Which muscle groups will I be working on during the leg curl exercise?
118,How do I perform the leg curl correctly?
118,What type of equipment is required for the leg curl exercise?
118,Is the leg curl exercise primarily for the upper or lower body?
119,What is the starting position for the One-Arm Push-Up exercise?
119,Which muscle groups are primarily engaged during the One-Arm Push-Up?
119,Can I perform the One-Arm Push-Up without any equipment?
119,What is the proper technique for lowering my body during the One-Arm Push-Up?
119,How can I modify the One-Arm Push-Up if I find it too challenging?
120,What is the name of the exercise performed on the machine for upper body strength?
120,What type of equipment do I need to perform the Machine Shoulder Press?
120,Which muscle groups are primarily activated during the Machine Shoulder Press?
120,Can you explain the instructions for performing the Machine Shoulder Press correctly?
120,Is the Machine Shoulder Press considered a push type of exercise?
121,What is the starting position for the Sumo Squat exercise?
121,Which muscle groups are primarily targeted during the Sumo Squat?
121,How do I properly lower my hips while performing the Sumo Squat?
121,What type of equipment do I need to perform the Sumo Squat?
121,Is the Sumo Squat classified as a strength or cardio exercise?
122,What equipment do I need to perform a Resistance Band Squat?
122,Which muscle groups are activated when I do the Resistance Band Squat?
122,Can you explain the proper stance for the Resistance Band Squat?
122,How do I position the resistance band during the exercise?
122,Is the Resistance Band Squat primarily a lower body or upper body exercise?
123,What is the correct starting position for a One-Legged Squat?
123,Which muscles does the One-Legged Squat primarily work?
123,How low should I go when performing a One-Legged Squat?
123,Is it necessary to use any equipment for the One-Legged Squat?
123,Can beginners safely attempt the One-Legged Squat exercise?
124,What equipment do I need for the Landmine Row exercise?
124,Which muscle groups are activated during the Landmine Row?
124,Can you provide a step-by-step guide on how to perform the Landmine Row?
124,What is the main body part targeted by the Landmine Row exercise?
124,Is the Landmine Row considered a strength or cardio exercise?
125,What is the Superman Exercise primarily targeting in the body?
125,What type of equipment do I need to perform the Superman Exercise?
125,Can you describe the form I should maintain while doing the Superman Exercise?
125,How should I position my arms and legs during the Superman Exercise?
125,Is the Superman Exercise a strength or a cardio workout?
126,What is the primary muscle group targeted by Dumbbell Flyes?
126,Can you describe the position I should be in while performing Dumbbell Flyes?
126,What type of exercise are Dumbbell Flyes categorized as?
126,What equipment do I need to perform Dumbbell Flyes?
126,How do I properly execute the movement during Dumbbell Flyes?
127,What muscles are activated when performing the Reverse Fly exercise?
127,What type of equipment do I need for the Reverse Fly?
127,Can you explain the proper stance for the Reverse Fly?
127,What is the correct form for raising the dumbbells during the Reverse Fly?
127,Is the Reverse Fly primarily a push or pull exercise?
128,What type of equipment do I need to perform Cable Kickbacks?
128,Which muscle groups are primarily activated during Cable Kickbacks?
128,Can you explain the correct form for kicking my leg back in this exercise?
128,What body part does the Cable Kickbacks mainly target?
128,Is a cable machine essential for performing Cable Kickbacks?
129,What equipment do I need to perform the Kettlebell Push Press?
129,Which body parts are primarily targeted by the Kettlebell Push Press?
129,Can you describe the proper technique for holding the kettlebell during the exercise?
129,How do I use my legs to assist in pressing the kettlebell overhead?
129,What muscles are activated when performing the Kettlebell Push Press?
130,What is the Dead Bug exercise primarily targeting in terms of body parts?
130,Can the Dead Bug exercise be performed without any equipment?
130,What position should I be in before starting the Dead Bug exercise?
130,How do I maintain my back during the Dead Bug exercise?
130,Which muscle groups are worked when performing the Dead Bug exercise?
131,What is the primary equipment needed for the Smith Machine Squat?
131,Which muscle groups are primarily activated during the Smith Machine Squat?
131,What is the correct depth to squat in the Smith Machine Squat?
131,What type of exercise is the Smith Machine Squat classified as?
131,What is the main body part targeted by the Smith Machine Squat?
132,What is the correct position to start the Reverse Hyperextension exercise?
132,Which muscle groups are primarily targeted by the Reverse Hyperextension?
132,How do I perform the lift correctly during the exercise?
132,What type of equipment do I need for the Reverse Hyperextension?
132,Is the Reverse Hyperextension exercise focused on the lower body?
133,What equipment do I need to perform the Landmine Twist exercise?
133,Which muscles are primarily targeted when doing the Landmine Twist?
133,Can you describe how to properly execute the Landmine Twist?
133,What are the key body parts engaged during the Landmine Twist?
133,Does the Landmine Twist focus on strength training or cardio?
134,What body parts are primarily targeted by the Machine Row exercise?
134,Can you explain the proper sitting position for the rowing machine?
134,Which muscle groups are activated during the Machine Row?
134,What is the correct way to perform the pull motion in this exercise?
134,How should I position my feet while using the rowing machine?
135,What is the primary muscle group targeted by the Seated Calf Raise exercise?
135,How do you properly position your feet when performing the Seated Calf Raise?
135,What type of equipment is required for the Seated Calf Raise exercise?
135,Is the Seated Calf Raise considered a strength or cardiovascular exercise?
135,What movement do you perform with your heels during the Seated Calf Raise?
136,What is the proper way to perform the Kettlebell Windmill exercise?
136,Which muscle groups are targeted during the Kettlebell Windmill?
136,Do I need any specific equipment to do the Kettlebell Windmill?
136,How does the Kettlebell Windmill engage my core?
136,Can you explain the starting position for the Kettlebell Windmill?
137,What is the primary muscle group targeted by the Incline Barbell Bench Press?
137,What equipment do I need to perform the Incline Barbell Bench Press?
137,Can you explain the steps involved in executing the Incline Barbell Bench Press?
137,Is the Incline Barbell Bench Press considered a push exercise or a pull exercise?
137,Which body part is primarily engaged during the Incline Barbell Bench Press?
138,What is the proper way to hold the kettlebell for the Goblet Squat?
138,Which muscle groups are primarily worked during the Kettlebell Goblet Squat?
138,Can you describe the motion involved in the Goblet Squat?
138,Is the Kettlebell Goblet Squat considered a push or pull exercise?
138,What part of the body does the Kettlebell Goblet Squat target?
139,What equipment do I need for Dumbbell Thrusters?
139,Which muscle groups are targeted by performing Dumbbell Thrusters?
139,Can you explain the correct form for executing a Dumbbell Thruster?
139,What body parts are engaged while doing Dumbbell Thrusters?
139,Is Dumbbell Thrusters considered a push type exercise?
140,What is the correct position to begin the Lying Leg Curl exercise?
140,Which muscle group does the Lying Leg Curl primarily target?
140,How should I operate the leg curl machine during this exercise?
140,Can you explain the movement I should perform while doing the Lying Leg Curl?
140,"Is this exercise suitable for beginners, and what should I keep in mind?"
141,What is the proper stance for performing the Dumbbell Hammer Curl?
141,How should I grip the dumbbells during the exercise?
141,Which muscle groups are primarily worked during a Dumbbell Hammer Curl?
141,What is the movement involved in the Dumbbell Hammer Curl?
141,What type of exercise is the Dumbbell Hammer Curl classified as?
142,What muscles are primarily worked during the Landmine Squat Press?
142,Can you explain how to properly execute the Landmine Squat Press?
142,Which equipment is needed for performing the Landmine Squat Press?
142,Is the Landmine Squat Press suitable for full-body workouts?
142,Does the Landmine Squat Press involve a pushing movement?
143,What is the proper stance for performing a Zottman Curl?
143,Which equipment do I need to perform the Zottman Curl?
143,What muscles are primarily targeted by the Zottman Curl exercise?
143,Can you explain the grip technique used during the Zottman Curl?
143,Is the Zottman Curl primarily a pulling exercise?
144,What equipment do I need to perform the Cable Crunch exercise?
144,Which part of the body is primarily targeted during the Cable Crunch?
144,Can you describe how to position myself when doing the Cable Crunch?
144,What muscle group is activated most during the Cable Crunch?
144,Is the Cable Crunch focused on strength training or cardio?
145,What is the Stability Ball Pike exercise designed to strengthen?
145,How do I perform the Stability Ball Pike correctly?
145,What position should my body be in at the start of the Stability Ball Pike?
145,Which muscle groups are activated during the Stability Ball Pike?
145,What equipment do I need to perform the Stability Ball Pike?
146,What is the primary exercise being demonstrated and what are its main features?
146,What type of equipment is required for performing this exercise?
146,Which muscle groups does the Standing Calf Raise primarily target?
146,Can the Standing Calf Raise be performed without any weights?
146,What are the step-by-step instructions for executing the Standing Calf Raise correctly?
147,What is the correct stance for performing a Cable Kickback with a cable machine?
147,Which muscle group does the Cable Kickback primarily target during the exercise?
147,Can you describe the movement pattern involved in the Cable Kickback?
147,What type of equipment do I need to perform a Cable Kickback?
147,Is the Cable Kickback considered a push or pull exercise?
148,What is the starting position for Spider Push-Ups?
148,Which muscle groups are activated during Spider Push-Ups?
148,How do I perform the movement in Spider Push-Ups?
148,Do I need any equipment to do Spider Push-Ups?
148,What body part do Spider Push-Ups primarily target?
149,What type of exercise is the Resistance Band Chest Press?
149,Which body parts does the Resistance Band Chest Press target?
149,How do I properly set up the Resistance Band Chest Press?
149,What muscle groups are activated during the Resistance Band Chest Press?
149,What equipment do I need for the Resistance Band Chest Press?
150,What is the primary muscle group targeted by the One-Arm Dumbbell Row?
150,What type of equipment do I need for the One-Arm Dumbbell Row exercise?
150,Can you describe the setup position for performing the One-Arm Dumbbell Row?
150,How does the One-Arm Dumbbell Row affect the upper body strength?
150,Is the One-Arm Dumbbell Row considered a pulling exercise?
151,What is the proper setup for the Incline Chest Press exercise?
151,Which muscles are primarily worked during the Incline Chest Press?
151,How should I position my arms during the exercise?
151,What type of equipment do I need for the Incline Chest Press?
151,Is the Incline Chest Press considered a push exercise?
152,What is the primary muscle group targeted by the Machine Preacher Curl?
152,How should I position my arms during the Machine Preacher Curl?
152,What are the steps to perform the Machine Preacher Curl correctly?
152,Is the Machine Preacher Curl suitable for beginners?
152,What type of equipment do I need for the Machine Preacher Curl?
153,What is the primary muscle group targeted by Hanging Knee Raises?
153,Do I need any special equipment to perform Hanging Knee Raises?
153,Can you explain the proper form for doing Hanging Knee Raises?
153,What type of activity is Hanging Knee Raises classified as?
153,How should I position my body while performing Hanging Knee Raises?
154,What muscles are primarily worked during the Decline Dumbbell Press?
154,What equipment do I need to perform the Decline Dumbbell Press?
154,How should I position my body when doing the Decline Dumbbell Press?
154,Can the Decline Dumbbell Press help improve my overall upper body strength?
154,What is the correct technique for lowering and pressing the dumbbells in this exercise?
155,What is the starting position for the Glute Kickback exercise?
155,Which muscle groups are primarily activated during the Glute Kickback?
155,How should I engage my body during the top of the Glute Kickback movement?
155,Do I need any equipment to perform the Glute Kickback?
155,Is the Glute Kickback considered a push or pull exercise?
156,What muscles are activated during the Machine Chest Press?
156,What equipment do I need for the Machine Chest Press exercise?
156,Can you explain the correct sitting position for the Machine Chest Press?
156,Is the Machine Chest Press primarily a push or pull exercise?
156,Which body part is primarily targeted by the Machine Chest Press?
157,What is the primary muscle group that is engaged during the Single-Leg Squat?
157,Can I perform the Single-Leg Squat without any equipment?
157,What stance should I take while doing the Single-Leg Squat?
157,How low should I lower my hips when performing this exercise?
157,Is the Single-Leg Squat considered a push or pull type of exercise?
158,What is the starting position for the Push-Up to Row exercise?
158,Which muscle groups are activated during the Push-Up to Row?
158,What type of equipment is needed for the Push-Up to Row?
158,Can you describe the movement sequence involved in the Push-Up to Row?
158,Is the Push-Up to Row primarily a push or pull exercise?
159,What is the primary muscle group targeted by the Smith Machine Row?
159,Can you describe the correct body position for performing the Smith Machine Row?
159,What type of exercise category does the Smith Machine Row fall under?
159,What equipment do I need to perform the Smith Machine Row?
159,What specific action should I take with my arms during the Smith Machine Row?
160,What is the primary muscle group targeted by the Lat Pullover exercise?
160,What type of equipment do I need to perform the Lat Pullover?
160,Can you describe the initial position for performing a Lat Pullover?
160,How do I properly execute the movement of lowering the dumbbell in the Lat Pullover?
160,Is the Lat Pullover classified as a strength exercise or a cardio exercise?
161,What is the name of the exercise that targets the deltoids and triceps using a Smith machine?
161,Which body part is primarily worked during the Smith Machine Shoulder Press?
161,How do you properly perform the Smith Machine Shoulder Press exercise?
161,What type of activity is the Smith Machine Shoulder Press classified as?
161,What type of equipment is required to perform the Smith Machine Shoulder Press?
162,What equipment do I need to perform the Cable Woodchopper exercise?
162,Which body part does the Cable Woodchopper primarily target?
162,Can you describe the motion involved in the Cable Woodchopper?
162,What muscle groups are activated when performing the Cable Woodchopper?
162,How should I position my body when using the cable machine for this exercise?
163,What type of exercise is the Machine Back Extension?
163,Which muscle groups are primarily activated during the Machine Back Extension?
163,How should I position my feet when using the back extension machine?
163,What is the correct movement for the Machine Back Extension?
163,Is the Machine Back Extension focused on the upper or lower body?
164,What position should I be in to perform the Prone Leg Curl correctly?
164,Which muscle groups are primarily targeted by the Prone Leg Curl exercise?
164,What equipment do I need to perform the Prone Leg Curl?
164,Can you describe the movement involved in the Prone Leg Curl?
164,What type of exercise is the Prone Leg Curl classified as?
165,What is the correct position for my arms during the Seated Dumbbell Press?
165,Which muscle groups are targeted by the Seated Dumbbell Press?
165,How should I sit on the bench while performing the Seated Dumbbell Press?
165,What type of equipment do I need for the Seated Dumbbell Press?
165,What is the main action I need to perform in the Seated Dumbbell Press?
166,What is the Weighted Plank exercise used for?
166,Which muscle groups are activated during the Weighted Plank?
166,How should I position my body when performing a Weighted Plank?
166,What type of equipment do I need for the Weighted Plank?
166,How long should I hold the Weighted Plank in each session?
167,What type of cardio exercise is the Step Mill?
167,Which muscle groups does the Step Mill activate?
167,What part of the body does the Step Mill primarily target?
167,What type of equipment is used for the Step Mill exercise?
167,How should I step on the Step Mill for best results?
168,What equipment do I need for the Standing Resistance Band Row exercise?
168,Which muscle groups are primarily activated during the Standing Resistance Band Row?
168,Can you explain the proper form for performing a Standing Resistance Band Row?
168,What type of exercise is Standing Resistance Band Row classified as?
168,Where should I attach the resistance band for the Standing Resistance Band Row?
169,What equipment do I need to perform the Dumbbell Lunge?
169,Which body parts are primarily targeted by the Dumbbell Lunge exercise?
169,Can you explain the steps for properly executing a Dumbbell Lunge?
169,Is the Dumbbell Lunge classified as a push or pull exercise?
169,What muscle groups are activated when doing the Dumbbell Lunge?
170,What is the primary muscle group targeted during the Reverse Curl exercise?
170,What type of grip should I use when holding the dumbbells for Reverse Curls?
170,How should my feet be positioned while performing the Reverse Curl?
170,What type of equipment do I need to perform the Reverse Curl?
170,Is the Reverse Curl considered a pull exercise or a push exercise?
171,What is the primary muscle group activated during the Banded Pull-Up?
171,How do I set up the resistance band for the Banded Pull-Up?
171,What body part does the Banded Pull-Up primarily target?
171,What is the correct technique for performing a Banded Pull-Up?
171,Is the Banded Pull-Up suitable for beginners?
172,What equipment do I need to perform the Cable Face Pull exercise?
172,Which muscle groups are activated during the Cable Face Pull?
172,Can you explain the correct form for the Cable Face Pull?
172,What body part does the Cable Face Pull primarily target?
172,Is the Cable Face Pull considered a pull exercise?
173,What is the proper starting position for the Turkish Get-Up exercise?
173,Which muscle groups are primarily engaged during the Turkish Get-Up?
173,What type of equipment do I need to perform the Turkish Get-Up?
173,Can you explain how to safely return to the starting position after standing up?
173,Is the Turkish Get-Up considered a full-body workout?
174,What is the name of the exercise that involves twisting with a medicine ball?
174,Which muscle groups are primarily activated during Weighted Russian Twists?
174,Can you explain the steps for performing a Weighted Russian Twist properly?
174,What type of exercise is the Weighted Russian Twist classified as?
174,What equipment do I need for doing Weighted Russian Twists?
175,What is the Cable Front Raise exercise primarily targeting in the upper body?
175,What equipment do I need to perform Cable Front Raise?
175,How should I position myself when doing Cable Front Raise?
175,What is the correct range of motion for the Cable Front Raise?
175,Which specific muscle group is activated during this exercise?
176,What is the correct starting position for the Reverse Crunch exercise?
176,Which muscle groups are primarily activated during the Reverse Crunch?
176,How should I lift my hips during the Reverse Crunch?
176,Is any equipment needed to perform the Reverse Crunch?
176,What body part does the Reverse Crunch mainly target?
177,What is the name of the exercise that targets the triceps using a cable machine?
177,Can you describe the proper stance for performing a Cable Tricep Kickback?
177,Which muscle group is primarily activated when doing the Cable Tricep Kickback?
177,What type of activity is the Cable Tricep Kickback classified as?
177,What motion should I perform with my arm during the Cable Tricep Kickback?
178,What is the starting position for the Copenhagen Plank exercise?
178,Which muscle groups are activated during the Copenhagen Plank?
178,How do you perform the Copenhagen Plank correctly?
178,What type of equipment is needed for the Copenhagen Plank?
178,What body part does the Copenhagen Plank primarily target?
179,What is the primary muscle group targeted by the Smith Machine Incline Press?
179,Can you explain the setup required for performing the Smith Machine Incline Press effectively?
179,What is the correct position for my body while using the Smith Machine for this exercise?
179,How do I ensure I am using proper form during the Smith Machine Incline Press?
179,What should I focus on while pressing the bar over my chest in this exercise?
180,What muscles are primarily targeted by the Cable Lat Pulldown exercise?
180,Can you explain the proper grip position for this exercise?
180,What is the correct technique for performing the Cable Lat Pulldown?
180,Is the Cable Lat Pulldown more beneficial for upper body strength compared to other exercises?
180,What type of equipment do I need to perform the Cable Lat Pulldown?
181,What equipment do I need to perform the Cable Side Lunge?
181,Which body parts does the Cable Side Lunge target?
181,Can you describe the steps involved in executing a Cable Side Lunge?
181,Is the Cable Side Lunge considered a push or pull exercise?
181,What muscle groups are activated when performing the Cable Side Lunge?
182,What are the main muscle groups targeted by the Dumbbell Bent-Over Row exercise?
182,What equipment do I need to perform the Dumbbell Bent-Over Row?
182,Can you describe the correct stance for the Dumbbell Bent-Over Row?
182,Which body part is primarily engaged during the Dumbbell Bent-Over Row?
182,Is the Dumbbell Bent-Over Row categorized as a strength or cardio exercise?
183,What type of exercise is the Lateral Lunge classified as?
183,Which body parts are primarily targeted during a Lateral Lunge?
183,What equipment is required to perform a Lateral Lunge?
183,Can you describe the main movement involved in the Lateral Lunge?
183,Which muscle groups are activated when doing a Lateral Lunge?
184,What muscle groups are targeted by the Seated Machine Row exercise?
184,What type of equipment do I need for the Seated Machine Row?
184,How should I position my feet during the Seated Machine Row?
184,What is the basic movement for performing the Seated Machine Row?
184,Is the Seated Machine Row considered a strength or cardio exercise?
185,What is the proper seating position for the Decline Russian Twist?
185,Which muscles are primarily targeted by the Decline Russian Twist exercise?
185,How should I twist my torso during the Decline Russian Twist?
185,Do I need any equipment for the Decline Russian Twist?
185,What is the starting position before performing the Decline Russian Twist?
186,What is the Deadlift High Pull exercise primarily designed to work on in terms of muscle groups?
186,Can you explain the proper starting position for the Deadlift High Pull?
186,What type of equipment do I need to perform the Deadlift High Pull?
186,Is the Deadlift High Pull considered a full-body workout?
186,What should I focus on during the pull phase of the Deadlift High Pull?
187,What is the proper form for the Reverse Grip Lat Pulldown?
187,Which muscle groups are primarily worked during this exercise?
187,What type of equipment do I need to perform a Reverse Grip Lat Pulldown?
187,Can you explain how to execute the movement step-by-step?
187,Is the Reverse Grip Lat Pulldown suitable for beginners?
188,What equipment do I need for the Cable Lateral Lunge?
188,Which muscle groups are primarily worked during this exercise?
188,Can you explain how to perform the Cable Lateral Lunge properly?
188,What body part does the Cable Lateral Lunge target?
188,Is the Cable Lateral Lunge a push or pull type exercise?
189,What position should I start in for the Pike Push-Up?
189,Which muscle groups are activated during the Pike Push-Up?
189,Can I perform the Pike Push-Up without any equipment?
189,What is the correct form for lowering my head during the exercise?
189,What type of strength exercise is the Pike Push-Up considered?
190,What is the primary focus of the One-Arm Dumbbell Snatch exercise?
190,Which body parts will be most affected by performing the One-Arm Dumbbell Snatch?
190,Can you describe the initial position for the One-Arm Dumbbell Snatch?
190,Is the One-Arm Dumbbell Snatch considered a push or pull exercise?
190,What type of equipment do I need to perform the One-Arm Dumbbell Snatch?
191,What is the proper setup for a Cable Front Squat using a cable machine?
191,Which muscle groups are primarily targeted during the Cable Front Squat exercise?
191,How do I perform the Cable Front Squat correctly?
191,What equipment do I need to do the Cable Front Squat?
191,Is the Cable Front Squat beneficial for lower body strength?
192,What type of exercise is the Tire Flip categorized as?
192,Which muscles does the Tire Flip primarily activate?
192,Can you explain the proper technique for performing a Tire Flip?
192,What equipment do I need to perform the Tire Flip exercise?
192,Which body parts are worked during the Tire Flip?
193,What equipment do I need to perform the Smith Machine Calf Raise?
193,Which part of the body does the Smith Machine Calf Raise primarily target?
193,Can you explain the correct setup for the Smith Machine Calf Raise?
193,What movement should I make with my heels during the exercise?
193,Is the Smith Machine Calf Raise a push or pull type of exercise?
194,What are the main muscle groups targeted during the Pistol Squat to Box exercise?
194,Can you explain the steps involved in performing a Pistol Squat to Box correctly?
194,"Is any specific equipment required for the Pistol Squat to Box, or can I do it using just my bodyweight?"
194,What kind of strength benefits can I expect from regularly incorporating the Pistol Squat to Box into my workout routine?
194,Which body parts are primarily engaged while performing a Pistol Squat to Box exercise?
195,What type of exercise is the Standing Chest Fly?
195,Which equipment do I need for the Standing Chest Fly?
195,What main muscles does the Standing Chest Fly target?
195,Can you explain how to perform the Standing Chest Fly correctly?
195,Is the Standing Chest Fly primarily a push or pull exercise?
196,What type of exercise is the Sled Drag and how does it combine cardio and strength?
196,What specific body parts are engaged when performing the Sled Drag?
196,Can you explain the proper technique for dragging the sled?
196,What equipment do I need to perform the Sled Drag effectively?
196,Is the Sled Drag more beneficial for building muscle or improving cardiovascular fitness?
197,What is the correct way to perform a Cable Hammer Curl?
197,Which muscles does the Cable Hammer Curl target?
197,What equipment do I need for the Cable Hammer Curl?
197,In which position should I stand when doing a Cable Hammer Curl?
197,Is the grip position important for the Cable Hammer Curl?
198,What is the proper stance for the Cable Tricep Overhead Extension?
198,How should I position the cable handle before starting the exercise?
198,What muscles does the Cable Tricep Overhead Extension target?
198,What type of equipment do I need for this exercise?
198,How do I ensure my arms are fully extended during the movement?
199,What is the main muscle group targeted by the Seated Cable Row exercise?
199,What type of exercise is the Seated Cable Row classified as?
199,How should I position my feet while performing the Seated Cable Row?
199,What equipment do I need to perform the Seated Cable Row?
199,What is the proper form for executing the Seated Cable Row?
200,What should I do to properly position myself for the Lying Dumbbell Tricep Extension?
200,How do I ensure I am using the correct form when lowering the weights?
200,What muscle groups are primarily worked during this exercise?
200,Can I perform the Lying Dumbbell Tricep Extension on a different surface if I don't have a bench?
200,What type of weights do I need for the Lying Dumbbell Tricep Extension?
201,What is the proper technique for performing a Weighted Pull-Up?
201,Which muscle groups are primarily activated during a Weighted Pull-Up?
201,What type of equipment do I need for a Weighted Pull-Up?
201,How does a Weighted Pull-Up differ from a regular pull-up?
201,What body part does the Weighted Pull-Up mainly target?
202,What is the correct position for performing the Incline Dumbbell Row?
202,Which muscle groups are primarily activated during the Incline Dumbbell Row exercise?
202,How should I properly grip the dumbbells while doing the Incline Dumbbell Row?
202,What equipment do I need to perform the Incline Dumbbell Row?
202,Can you explain the movement involved in the Incline Dumbbell Row?
203,What muscles does the Machine Lat Pulldown primarily target?
203,How should I position my grip when performing the Machine Lat Pulldown?
203,Can you provide step-by-step instructions for executing the Machine Lat Pulldown correctly?
203,Is the Machine Lat Pulldown suitable for targeting the upper body?
203,What type of exercise is the Machine Lat Pulldown classified as?
204,What muscles are primarily targeted by the One-Arm Cable Row exercise?
204,Can you describe the setup needed for performing the One-Arm Cable Row?
204,Which type of machine is used for the One-Arm Cable Row?
204,How do you perform the rowing motion in the One-Arm Cable Row?
204,Is the One-Arm Cable Row classified as a push or pull exercise?
205,What equipment do I need to perform the Face Pull exercise?
205,Which body part does the Face Pull mainly target?
205,Can you describe the method for doing a Face Pull?
205,What muscle groups are activated by the Face Pull?
205,Is the Face Pull considered a strength or cardio exercise?
206,What muscles are primarily worked during the Dumbbell Bench Press?
206,What type of exercise is the Dumbbell Bench Press classified as?
206,Can the Dumbbell Bench Press be performed with any other equipment?
206,What body part does the Dumbbell Bench Press focus on?
206,What is the correct starting position for the Dumbbell Bench Press?
